{
  "version": "1.0",
  "defaultProvider": "cdnjs",
  "libraries": [
    {
      "library": "bootstrap-icons@1.10.5",
      "destination": "wwwroot/lib/bootstrap-icons/",
      "files": [
        "font/fonts/bootstrap-icons.woff",
        "font/fonts/bootstrap-icons.woff2",
        "font/bootstrap-icons.css",
        "font/bootstrap-icons.json",
        "font/bootstrap-icons.min.css"
      ]
    },
    {
      "library": "bootstrap-datepicker@1.10.0",
      "destination": "wwwroot/lib/bootstrap-datepicker/",
      "files": [
        "js/bootstrap-datepicker.min.js",
        "css/bootstrap-datepicker.css",
        "css/bootstrap-datepicker.min.css"
      ]
    },
    {
      "library": "css-animations.js@0.1.0",
      "destination": "wwwroot/lib/css-animations.js/",
      "files": [
        "css-animations.min.js",
        "css-animations.min.js.map"
      ]
    },
    {
      "library": "animate.css@4.1.1",
      "destination": "wwwroot/lib/animate.css/",
      "files": [
        "animate.min.css"
      ]
    },
    {
      "library": "bootbox.js@6.0.0",
      "destination": "wwwroot/lib/bootbox.js/",
      "files": [
        "bootbox.min.js"
      ]
    }
  ]
}